{"cameraMode":{"drawMode":0,"name":"Shaded","section":"Shading Mode"},"sceneLighting":true,"audioPlay":false,"sceneViewState":{"m_AlwaysRefresh":false,"showFog":true,"showSkybox":true,"showFlares":true,"showImageEffects":true,"showParticleSystems":true,"showVisualEffectGraphs":true,"m_FxEnabled":true},"in2DMode":false,"pivot":{"x":-0.02575208619236946,"y":1.541488528251648,"z":0.008431901223957539},"rotation":{"x":-0.007807170040905476,"y":-0.025499509647488595,"z":0.00019912757852580398,"w":-0.9996474981307983},"size":0.03346237912774086,"orthographic":false}