{"cameraMode":{"drawMode":0,"name":"Shaded","section":"Shading Mode"},"sceneLighting":true,"audioPlay":false,"sceneViewState":{"m_AlwaysRefresh":false,"showFog":true,"showSkybox":true,"showFlares":true,"showImageEffects":true,"showParticleSystems":true,"showVisualEffectGraphs":true,"m_FxEnabled":true},"in2DMode":false,"pivot":{"x":0.0016865440411493183,"y":1.5521355867385865,"z":0.2180299460887909},"rotation":{"x":-0.007807170040905476,"y":-0.025499509647488595,"z":0.00019912757852580398,"w":-0.9996474981307983},"size":0.05632049962878227,"orthographic":false}